courbe,date,mois_depuis_publication,n_signalees,pct,n_corpus
A_praticiens,2024-12-15,9.46,121,18.8,643
A_praticiens,2025-02-17,11.56,126,19.6,643
A_praticiens,2025-07-06,16.13,133,20.7,643
A_praticiens,2025-08-31,17.97,153,23.8,643
A_praticiens,2026-03-16,24.44,156,24.3,643
A_praticiens,2026-03-17,24.48,157,24.4,643
A_praticiens,2026-03-23,24.67,157,24.4,643
A_praticiens,2026-05-04,26.05,169,26.3,643
B_instrument_high,2024-03-01,-0.03,45,7.0,643
B_instrument_high,2024-04-01,0.99,73,11.35,643
B_instrument_high,2024-05-01,1.97,73,11.35,643
B_instrument_high,2024-06-01,2.99,73,11.35,643
B_instrument_high,2024-07-01,3.98,73,11.35,643
B_instrument_high,2024-08-01,4.99,73,11.35,643
B_instrument_high,2024-09-01,6.01,73,11.35,643
B_instrument_high,2024-10-01,7.0,73,11.35,643
B_instrument_high,2024-11-01,8.02,73,11.35,643
B_instrument_high,2024-12-01,9.0,73,11.35,643
B_instrument_high,2025-01-01,10.02,73,11.35,643
B_instrument_high,2025-02-01,11.04,73,11.35,643
B_instrument_high,2025-03-01,11.96,73,11.35,643
B_instrument_high,2025-04-01,12.98,73,11.35,643
B_instrument_high,2025-05-01,13.96,73,11.35,643
B_instrument_high,2025-06-01,14.98,73,11.35,643
B_instrument_high,2025-07-01,15.97,73,11.35,643
B_instrument_high,2025-08-01,16.99,73,11.35,643
B_instrument_high,2025-09-01,18.0,73,11.35,643
B_instrument_high,2025-10-01,18.99,73,11.35,643
B_instrument_high,2025-11-01,20.01,73,11.35,643
B_instrument_high,2025-12-01,20.99,73,11.35,643
B_instrument_high,2026-01-01,22.01,73,11.35,643
B_instrument_high,2026-02-01,23.03,73,11.35,643
B_instrument_high,2026-03-01,23.95,73,11.35,643
B_instrument_high,2026-04-01,24.97,73,11.35,643
B_instrument_high,2026-05-01,25.96,73,11.35,643
B_instrument_high,2026-06-01,26.97,73,11.35,643
B_instrument_high,2026-07-01,27.96,73,11.35,643
B_instrument_high,2026-08-01,28.98,73,11.35,643
B_instrument_high,2026-08-15,29.44,73,11.35,643
B_instrument_medium,2024-03-01,-0.03,116,18.04,643
B_instrument_medium,2024-04-01,0.99,133,20.68,643
B_instrument_medium,2024-05-01,1.97,133,20.68,643
B_instrument_medium,2024-06-01,2.99,133,20.68,643
B_instrument_medium,2024-07-01,3.98,133,20.68,643
B_instrument_medium,2024-08-01,4.99,133,20.68,643
B_instrument_medium,2024-09-01,6.01,133,20.68,643
B_instrument_medium,2024-10-01,7.0,133,20.68,643
B_instrument_medium,2024-11-01,8.02,133,20.68,643
B_instrument_medium,2024-12-01,9.0,133,20.68,643
B_instrument_medium,2025-01-01,10.02,134,20.84,643
B_instrument_medium,2025-02-01,11.04,134,20.84,643
B_instrument_medium,2025-03-01,11.96,134,20.84,643
B_instrument_medium,2025-04-01,12.98,134,20.84,643
B_instrument_medium,2025-05-01,13.96,134,20.84,643
B_instrument_medium,2025-06-01,14.98,134,20.84,643
B_instrument_medium,2025-07-01,15.97,134,20.84,643
B_instrument_medium,2025-08-01,16.99,134,20.84,643
B_instrument_medium,2025-09-01,18.0,134,20.84,643
B_instrument_medium,2025-10-01,18.99,134,20.84,643
B_instrument_medium,2025-11-01,20.01,134,20.84,643
B_instrument_medium,2025-12-01,20.99,134,20.84,643
B_instrument_medium,2026-01-01,22.01,134,20.84,643
B_instrument_medium,2026-02-01,23.03,134,20.84,643
B_instrument_medium,2026-03-01,23.95,134,20.84,643
B_instrument_medium,2026-04-01,24.97,134,20.84,643
B_instrument_medium,2026-05-01,25.96,134,20.84,643
B_instrument_medium,2026-06-01,26.97,134,20.84,643
B_instrument_medium,2026-07-01,27.96,134,20.84,643
B_instrument_medium,2026-08-01,28.98,134,20.84,643
B_instrument_medium,2026-08-15,29.44,134,20.84,643
Bprime_corpus_repare_high,2025-07-01,-0.16,2,0.34,590
Bprime_corpus_repare_high,2025-08-01,0.85,2,0.34,590
Bprime_corpus_repare_high,2025-09-01,1.87,2,0.34,590
Bprime_corpus_repare_high,2025-10-01,2.86,2,0.34,590
Bprime_corpus_repare_high,2025-11-01,3.88,2,0.34,590
Bprime_corpus_repare_high,2025-12-01,4.86,2,0.34,590
Bprime_corpus_repare_high,2026-01-01,5.88,5,0.85,590
Bprime_corpus_repare_high,2026-02-01,6.9,15,2.54,590
Bprime_corpus_repare_high,2026-03-01,7.82,34,5.76,590
Bprime_corpus_repare_high,2026-04-01,8.84,62,10.51,590
Bprime_corpus_repare_high,2026-05-01,9.82,62,10.51,590
Bprime_corpus_repare_high,2026-06-01,10.84,62,10.51,590
Bprime_corpus_repare_high,2026-07-01,11.83,62,10.51,590
Bprime_corpus_repare_high,2026-08-01,12.85,62,10.51,590
Bprime_corpus_repare_high,2026-08-15,13.31,62,10.51,590
Bprime_corpus_repare_medium,2025-07-01,-0.16,66,11.19,590
Bprime_corpus_repare_medium,2025-08-01,0.85,66,11.19,590
Bprime_corpus_repare_medium,2025-09-01,1.87,66,11.19,590
Bprime_corpus_repare_medium,2025-10-01,2.86,66,11.19,590
Bprime_corpus_repare_medium,2025-11-01,3.88,66,11.19,590
Bprime_corpus_repare_medium,2025-12-01,4.86,66,11.19,590
Bprime_corpus_repare_medium,2026-01-01,5.88,70,11.86,590
Bprime_corpus_repare_medium,2026-02-01,6.9,79,13.39,590
Bprime_corpus_repare_medium,2026-03-01,7.82,96,16.27,590
Bprime_corpus_repare_medium,2026-04-01,8.84,113,19.15,590
Bprime_corpus_repare_medium,2026-05-01,9.82,113,19.15,590
Bprime_corpus_repare_medium,2026-06-01,10.84,113,19.15,590
Bprime_corpus_repare_medium,2026-07-01,11.83,113,19.15,590
Bprime_corpus_repare_medium,2026-08-01,12.85,113,19.15,590
Bprime_corpus_repare_medium,2026-08-15,13.31,113,19.15,590
D_online_mind2web,2025-04-05,0.0,6,2.0,300
D_online_mind2web,2025-11-03,6.97,39,13.0,300
D_online_mind2web,2025-11-23,7.62,41,13.7,300
D_online_mind2web,2025-12-11,8.21,46,15.3,300
D_online_mind2web,2025-12-14,8.31,48,16.0,300
D_online_mind2web,2026-01-02,8.94,49,16.3,300
D_online_mind2web,2026-05-15,13.31,52,17.3,300
